,source,target
0,OneBigNation,756499136212533248
1,OneBigNation,1177967887987793920
2,OneBigNation,947380899246690304
3,OneBigNation,134984844
4,OneBigNation,930935277744459777
5,OneBigNation,1292572005548675073
6,OneBigNation,870398338469961728
7,OneBigNation,1183458527530098688
8,OneBigNation,1394101357070544898
9,OneBigNation,1350263737308082177
10,OneBigNation,1219469562640588800
11,OneBigNation,1412626829379137538
12,OneBigNation,1408442930294104066
13,OneBigNation,910448408
14,OneBigNation,1284232379872292865
15,OneBigNation,4527992488
16,OneBigNation,15774466
17,OneBigNation,1520812586
18,OneBigNation,3234212841
19,OneBigNation,1298421876293861378
20,OneBigNation,25705902
21,OneBigNation,1126845111076368384
22,OneBigNation,776561922174914560
23,OneBigNation,1157470510902599683
24,OneBigNation,883590062964850689
25,OneBigNation,1208388600699740160
26,OneBigNation,1003996563839049729
27,OneBigNation,1397543299234336773
28,OneBigNation,793773679
29,OneBigNation,1044319067908329473
30,OneBigNation,139173920
31,OneBigNation,1229944705611378695
32,OneBigNation,1260705517703331840
33,OneBigNation,927347495558139904
34,OneBigNation,1036959946368319494
35,OneBigNation,1043009830720421888
36,OneBigNation,1257280853647872002
37,OneBigNation,3276397098
38,OneBigNation,1366962806197809155
39,OneBigNation,872868256016715778
40,OneBigNation,1067951888249864192
41,OneBigNation,1177867898334928896
42,OneBigNation,3260509567
43,OneBigNation,1167441169
44,OneBigNation,984804582227247104
45,OneBigNation,1283223128156409857
46,OneBigNation,709508652604874752
47,OneBigNation,2998762970
48,OneBigNation,3351385078
49,OneBigNation,884246253546213378
50,OneBigNation,452021008
51,OneBigNation,1084037420436336640
52,OneBigNation,57496039
53,OneBigNation,4867950519
54,OneBigNation,1315757407503552513
55,OneBigNation,931937831639027712
56,OneBigNation,4855306150
57,OneBigNation,3068811280
58,OneBigNation,772881555156938752
59,OneBigNation,1362497978167033859
60,OneBigNation,1027071442389741568
61,OneBigNation,1342928264055173121
62,OneBigNation,3394800165
63,OneBigNation,1146404915578904577
64,OneBigNation,3146327338
65,OneBigNation,2652884833
66,OneBigNation,723685571395248129
67,OneBigNation,1291559793367416832
68,OneBigNation,1246813931974332416
69,OneBigNation,1394035679022260230
70,OneBigNation,860809367225999362
71,OneBigNation,1365792030908121097
72,OneBigNation,1360351262353498114
73,OneBigNation,1322709033485275138
74,OneBigNation,1370417892190253060
75,OneBigNation,833411050850615299
76,OneBigNation,1371611771140665345
77,OneBigNation,1282686213242138631
78,OneBigNation,1290662447297318915
79,OneBigNation,590173407
80,OneBigNation,1055983852047491072
81,OneBigNation,1072212250298105861
82,OneBigNation,1361487670896177153
83,OneBigNation,1277053856501977090
84,OneBigNation,2896915062
85,OneBigNation,1312760127380955136
86,OneBigNation,1354605203064938585
87,OneBigNation,1353482001853128710
88,OneBigNation,1337774136718974981
89,OneBigNation,741809129698660352
90,OneBigNation,1239940447847559168
91,OneBigNation,1185551537499791360
92,OneBigNation,748876117847707648
93,OneBigNation,1341186907779309568
94,OneBigNation,745029843386044416
95,OneBigNation,748593191989940224
96,OneBigNation,1334452542760046595
97,OneBigNation,814610205128491008
98,OneBigNation,1289198520751263744
99,OneBigNation,962603294131675136
100,OneBigNation,1250612865817550848
101,OneBigNation,1301771758698205184
102,OneBigNation,1320037786204934144
103,OneBigNation,1257321548035186691
104,OneBigNation,2442801007
105,OneBigNation,1318456433390817281
106,OneBigNation,4576233612
107,OneBigNation,1241715039100383233
108,OneBigNation,1316532090704408578
109,OneBigNation,1313882695886270465
110,OneBigNation,1271423258739564545
111,OneBigNation,1084902110498619392
112,OneBigNation,1313128022900436992
113,OneBigNation,1303529387837386752
114,OneBigNation,1302293638764990464
115,OneBigNation,1285705729031262208
116,OneBigNation,1301602853702848513
117,OneBigNation,1228988981217497088
118,OneBigNation,1257723454884843522
119,OneBigNation,1121828014860451840
120,OneBigNation,1291674775878864901
121,OneBigNation,1164894993754066945
122,OneBigNation,985543419987677185
123,OneBigNation,1216378510568087552
124,OneBigNation,1246201678627581952
125,OneBigNation,1032014909842903041
126,OneBigNation,1076303963379679233
127,OneBigNation,866984429394292737
128,OneBigNation,1222531469240827904
129,OneBigNation,1269404947155693570
130,OneBigNation,1219582337387761666
131,OneBigNation,1270462979511853057
132,OneBigNation,1271168122465083392
133,OneBigNation,806607668488130561
134,OneBigNation,24305126
135,OneBigNation,101643869
136,OneBigNation,3288411480
137,OneBigNation,1245974253024886784
138,OneBigNation,36791021
139,OneBigNation,1265009754822381575
140,OneBigNation,1158437436323708928
141,OneBigNation,1264438518320959489
142,OneBigNation,1240013184439853059
143,OneBigNation,1262358561713262592
144,OneBigNation,1119202790952329216
145,OneBigNation,1259271287450619904
146,OneBigNation,1255413595476762624
147,OneBigNation,1199526918586060805
148,OneBigNation,1183495247659180032
149,OneBigNation,1247740504223047680
150,OneBigNation,851583398355374082
151,OneBigNation,1168362520836497408
152,OneBigNation,1024415383061704704
153,OneBigNation,959401
154,OneBigNation,986242292678832130
155,OneBigNation,985578658109755392
156,OneBigNation,1106463164550561792
157,OneBigNation,1154496608119250949
158,OneBigNation,95678966
159,OneBigNation,1242706438780157952
160,OneBigNation,4098447563
161,OneBigNation,830676646545928193
162,OneBigNation,1205690045199351808
163,OneBigNation,2831192208
164,OneBigNation,3536027009
165,OneBigNation,3372751271
166,OneBigNation,1149605734465716224
167,OneBigNation,1217236730643795968
168,OneBigNation,1148412377202696192
169,OneBigNation,1192856200561545217
170,OneBigNation,1165023049902690311
171,OneBigNation,990791273958146048
172,OneBigNation,1195830749452275714
173,OneBigNation,1139724804418940928
174,OneBigNation,4818031440
175,OneBigNation,807425994483179520
176,OneBigNation,1189763317134503937
177,OneBigNation,1174914821776498688
178,OneBigNation,1169430818747535360
179,OneBigNation,1140605616551079936
180,OneBigNation,1161275719655100416
181,OneBigNation,1036801830666293248
182,OneBigNation,3179519656
183,OneBigNation,1147232485991964677
184,OneBigNation,1292335842
185,OneBigNation,878999995252432896
186,OneBigNation,1137841716680114179
187,OneBigNation,1136167916360097792
188,OneBigNation,1137374125238996993
189,OneBigNation,833778744187842561
190,OneBigNation,1067197716772593665
191,OneBigNation,729190426582749184
192,OneBigNation,1068956161020493825
193,OneBigNation,3795416015
194,OneBigNation,389846963
195,OneBigNation,1116901853848113153
196,OneBigNation,798393735646167040
197,OneBigNation,1094451494944858112
198,OneBigNation,3291645890
199,OneBigNation,4819479911
200,OneBigNation,778990156682448896
201,OneBigNation,2973632606
202,OneBigNation,1092588818480287744
203,OneBigNation,2460275089
204,OneBigNation,1090514711970500608
205,OneBigNation,1089286026877636611
206,OneBigNation,818184662937960448
207,OneBigNation,1086061628100104193
208,OneBigNation,724391597459255297
209,OneBigNation,1037137494783930368
210,OneBigNation,1081772660760039424
211,OneBigNation,1079437871050883079
212,OneBigNation,917690433085550593
213,OneBigNation,1073011600867688450
214,OneBigNation,25103613
215,OneBigNation,867143166469820416
216,OneBigNation,4593733153
217,OneBigNation,743977356608438272
218,OneBigNation,807638984323108864
219,OneBigNation,1038935888632406016
220,OneBigNation,3291730294
221,OneBigNation,3234686571
222,OneBigNation,712667762829733890
223,OneBigNation,2419152732
224,OneBigNation,933380538878001152
225,OneBigNation,1026901655202291712
226,OneBigNation,921751798729277441
227,OneBigNation,1004916557015810050
228,OneBigNation,986604199109582850
229,OneBigNation,985376127534424064
230,OneBigNation,966358390753685505
231,OneBigNation,4870592735
232,OneBigNation,772969672060919808
233,OneBigNation,3157929135
234,OneBigNation,788816772283633664
235,OneBigNation,950109220577447936
236,OneBigNation,856214714266923008
237,OneBigNation,858272483014848512
238,OneBigNation,3081710898
239,OneBigNation,925898058201739264
240,OneBigNation,925426186624356352
241,OneBigNation,909498573540040704
242,OneBigNation,877880151043919875
243,OneBigNation,4551522918
244,OneBigNation,919615448672587776
245,OneBigNation,103619946
246,OneBigNation,908394087476285442
247,OneBigNation,803063584389472257
248,OneBigNation,883010871466885120
249,OneBigNation,859244193205469191
250,OneBigNation,903671688998658049
251,OneBigNation,746469096577851393
252,OneBigNation,1308238970
253,OneBigNation,2888321005
254,OneBigNation,873378892102467584
255,OneBigNation,790333831110922249
256,OneBigNation,3045012595
257,OneBigNation,702333973725188097
258,OneBigNation,821554960399822848
259,OneBigNation,869416754614853633
260,OneBigNation,779469272326086656
261,OneBigNation,852451382615584768
262,OneBigNation,858725037909700608
263,OneBigNation,3353494829
264,OneBigNation,850579981973540864
265,OneBigNation,174953869
266,OneBigNation,838566065156194304
267,OneBigNation,815258600008400896
268,OneBigNation,778538500480172033
269,OneBigNation,3312963582
270,OneBigNation,831248361743335425
271,OneBigNation,829541846699405312
272,OneBigNation,815740336056057856
273,OneBigNation,754742283778613249
274,OneBigNation,790872384202911744
275,OneBigNation,1256538086
276,OneBigNation,573772252
277,OneBigNation,2236414779
278,OneBigNation,790319507344494592
279,OneBigNation,17256898
280,OneBigNation,2287223746
281,OneBigNation,780523110374182912
282,OneBigNation,2497295567
283,OneBigNation,3345606723
284,OneBigNation,770546306502754304
285,OneBigNation,769561921133514752
286,OneBigNation,780939007395893248
287,OneBigNation,2225191699
288,OneBigNation,2933458867
289,OneBigNation,4825261695
290,OneBigNation,707711906128076800
291,OneBigNation,759734440545267712
292,OneBigNation,709419023310725120
293,OneBigNation,68306376
294,OneBigNation,746310503916576768
295,OneBigNation,4312120215
296,OneBigNation,729930360629399552
297,OneBigNation,4861349620
298,OneBigNation,4904791272
299,OneBigNation,2764278400
300,OneBigNation,2764311477
301,OneBigNation,4741088532
302,OneBigNation,3101968388
